Rank,PWR,SPD,RNG,PER,PRC,DEV
0,7.666666666666666,7.633333333333334,5.533333333333333,7.333333333333334,5.133333333333333,7.3
1,3.6400000000000006,5.4399999999999995,9.239999999999998,9.28,4.08,3.6400000000000006
2,9.375,11.5,9.375,11.25,8.75,7.625
3,2.4666666666666672,2.9999999999999987,2.3999999999999995,8.4,2.066666666666668,3.4
